{
  "manifest": {
    "actor": {
      "display": "Publisher Service",
      "id": "publisher-svc",
      "type": "service"
    },
    "claims": {
      "tags": [
        "tv0"
      ]
    },
    "inputs": [],
    "manifest_id": "00000000-0000-0000-0000-000000000001",
    "schema": "trust.manifest.v0",
    "subject": {
      "hash": {
        "alg": "sha256",
        "value": "e76997bddb3eb05fc6901a4f649fd8947519f0b4862ba691aa79091ea603da46"
      },
      "media_type": "application/json",
      "size_bytes": 21,
      "type": "artifact"
    },
    "tenant_id": "c6d1fcb6-2e5c-4d80-9e61-1ac7c0e8f2d1",
    "time": {
      "created_at": "2026-01-12T05:00:00Z",
      "submitted_at": "2026-01-12T05:00:00Z"
    },
    "tool": {
      "environment": "prod",
      "name": "pipeline",
      "vendor": "acme",
      "version": "0.1.0"
    }
  },
  "signature": {
    "alg": "ed25519",
    "kid": "tenant-key-001",
    "value": "Q9uMpExOe+LBAbuI+3Rj/XwwAQCOj9Q7f8N2NC6BxzYmD9auBhmVxjGYv4ErzXwnKTM38lGFMv1QjDDZp5YVBg=="
  }
}